Order_ID,Date,Product,Quantity,Unit_Price,Customer_Region,Total_Sales
1001,2025-01-01 00:00:00,Monitor,4.0,450,Mecca,1800.0
1002,2025-01-01 01:00:00,Keyboard,1.0,450,Mecca,450.0
1003,2025-01-01 02:00:00,Smart Watch,5.0,450,Jeddah,2250.0
1004,2025-01-01 03:00:00,Keyboard,3.0,450,Mecca,1350.0
1005,2025-01-01 04:00:00,Keyboard,3.0,80,Dammam,240.0
1006,2025-01-01 05:00:00,Headphones,1.0,80,Mecca,80.0
1007,2025-01-01 06:00:00,Smart Watch,4.0,150,Riyadh,600.0
1008,2025-01-01 07:00:00,Smart Watch,4.0,1200,Mecca,4800.0
1009,2025-01-01 08:00:00,Smart Watch,5.0,450,Jeddah,2250.0
1010,2025-01-01 09:00:00,Keyboard,1.0,150,Riyadh,150.0
1011,2025-01-01 10:00:00,Monitor,3.0,1200,Jeddah,3600.0
1012,2025-01-01 11:00:00,Smart Watch,4.0,300,Jeddah,1200.0
1013,2025-01-01 12:00:00,Keyboard,1.0,80,Riyadh,80.0
1014,2025-01-01 13:00:00,Headphones,4.0,1200,Jeddah,4800.0
1015,2025-01-01 14:00:00,Monitor,3.0,300,Jeddah,900.0
1016,2025-01-01 15:00:00,Headphones,3.0,1200,Mecca,3600.0
1017,2025-01-01 16:00:00,Monitor,2.0,80,Dammam,160.0
1018,2025-01-01 17:00:00,Keyboard,5.0,80,Jeddah,400.0
1019,2025-01-01 18:00:00,Laptop,5.0,150,Jeddah,750.0
1020,2025-01-01 19:00:00,Monitor,3.0,450,Jeddah,1350.0
1021,2025-01-01 20:00:00,Headphones,4.0,1200,Mecca,4800.0
1022,2025-01-01 21:00:00,Keyboard,3.0,1200,Dammam,3600.0
1023,2025-01-01 22:00:00,Monitor,4.0,300,Riyadh,1200.0
1024,2025-01-01 23:00:00,Laptop,3.0,80,Mecca,240.0
1025,2025-01-02 00:00:00,Laptop,5.0,1200,Mecca,6000.0
1026,2025-01-02 01:00:00,Smart Watch,4.0,80,Dammam,320.0
1027,2025-01-02 02:00:00,Smart Watch,5.0,1200,Dammam,6000.0
1028,2025-01-02 03:00:00,Headphones,1.0,150,Mecca,150.0
1029,2025-01-02 04:00:00,Monitor,5.0,450,Riyadh,2250.0
1030,2025-01-02 05:00:00,Monitor,5.0,1200,Mecca,6000.0
1031,2025-01-02 06:00:00,Smart Watch,2.0,80,Dammam,160.0
1032,2025-01-02 07:00:00,Monitor,2.0,150,Riyadh,300.0
1033,2025-01-02 08:00:00,Monitor,2.0,1200,Dammam,2400.0
1034,2025-01-02 09:00:00,Laptop,5.0,300,Riyadh,1500.0
1035,2025-01-02 10:00:00,Smart Watch,3.0,450,Jeddah,1350.0
1036,2025-01-02 11:00:00,Keyboard,5.0,1200,Dammam,6000.0
1037,2025-01-02 12:00:00,Smart Watch,3.0,150,Dammam,450.0
1038,2025-01-02 13:00:00,Keyboard,3.0,300,Mecca,900.0
1039,2025-01-02 14:00:00,Laptop,2.0,150,Dammam,300.0
1040,2025-01-02 15:00:00,Headphones,4.0,150,Dammam,600.0
1041,2025-01-02 16:00:00,Monitor,3.0,300,Jeddah,900.0
1042,2025-01-02 17:00:00,Laptop,2.0,150,Dammam,300.0
1043,2025-01-02 18:00:00,Monitor,2.0,300,Jeddah,600.0
1044,2025-01-02 19:00:00,Headphones,4.0,1200,Jeddah,4800.0
1045,2025-01-02 20:00:00,Headphones,1.0,300,Jeddah,300.0
1046,2025-01-02 21:00:00,Laptop,5.0,300,Jeddah,1500.0
1047,2025-01-02 22:00:00,Headphones,5.0,450,Riyadh,2250.0
1048,2025-01-02 23:00:00,Keyboard,3.0,300,Mecca,900.0
1049,2025-01-03 00:00:00,Headphones,1.0,300,Riyadh,300.0
1050,2025-01-03 01:00:00,Monitor,2.0,1200,Dammam,2400.0
1051,2025-01-03 02:00:00,Monitor,3.0,450,Riyadh,1350.0
1052,2025-01-03 03:00:00,Monitor,2.0,80,Riyadh,160.0
1053,2025-01-03 04:00:00,Monitor,2.0,1200,Dammam,2400.0
1054,2025-01-03 05:00:00,Keyboard,5.0,1200,Dammam,6000.0
1055,2025-01-03 06:00:00,Smart Watch,5.0,80,Dammam,400.0
1056,2025-01-03 07:00:00,Laptop,5.0,300,Riyadh,1500.0
1057,2025-01-03 08:00:00,Monitor,3.0,150,Riyadh,450.0
1058,2025-01-03 09:00:00,Headphones,5.0,450,Dammam,2250.0
1059,2025-01-03 10:00:00,Monitor,3.0,150,Mecca,450.0
1060,2025-01-03 11:00:00,Headphones,4.0,80,Mecca,320.0
1061,2025-01-03 12:00:00,Headphones,1.0,1200,Jeddah,1200.0
1062,2025-01-03 13:00:00,Monitor,1.0,1200,Dammam,1200.0
1063,2025-01-03 14:00:00,Keyboard,5.0,450,Jeddah,2250.0
1064,2025-01-03 15:00:00,Headphones,4.0,1200,Mecca,4800.0
1065,2025-01-03 16:00:00,Headphones,4.0,1200,Jeddah,4800.0
1066,2025-01-03 17:00:00,Monitor,4.0,450,Dammam,1800.0
1067,2025-01-03 18:00:00,Headphones,3.0,450,Dammam,1350.0
1068,2025-01-03 19:00:00,Headphones,5.0,80,Dammam,400.0
1069,2025-01-03 20:00:00,Monitor,4.0,1200,Riyadh,4800.0
1070,2025-01-03 21:00:00,Monitor,3.0,1200,Jeddah,3600.0
1071,2025-01-03 22:00:00,Laptop,2.0,80,Mecca,160.0
1072,2025-01-03 23:00:00,Keyboard,2.0,300,Mecca,600.0
1073,2025-01-04 00:00:00,Keyboard,3.0,300,Mecca,900.0
1074,2025-01-04 01:00:00,Headphones,3.0,300,Riyadh,900.0
1075,2025-01-04 02:00:00,Keyboard,5.0,80,Riyadh,400.0
1076,2025-01-04 03:00:00,Headphones,5.0,1200,Dammam,6000.0
1077,2025-01-04 04:00:00,Laptop,2.0,80,Mecca,160.0
1078,2025-01-04 05:00:00,Monitor,4.0,80,Riyadh,320.0
1079,2025-01-04 06:00:00,Monitor,2.0,300,Dammam,600.0
1080,2025-01-04 07:00:00,Monitor,4.0,150,Mecca,600.0
1081,2025-01-04 08:00:00,Keyboard,4.0,1200,Jeddah,4800.0
1082,2025-01-04 09:00:00,Laptop,5.0,300,Dammam,1500.0
1083,2025-01-04 10:00:00,Keyboard,1.0,150,Riyadh,150.0
1084,2025-01-04 11:00:00,Keyboard,1.0,150,Riyadh,150.0
1085,2025-01-04 12:00:00,Laptop,3.0,450,Dammam,1350.0
1086,2025-01-04 13:00:00,Laptop,5.0,1200,Dammam,6000.0
1087,2025-01-04 14:00:00,Laptop,4.0,150,Riyadh,600.0
1088,2025-01-04 15:00:00,Laptop,1.0,300,Jeddah,300.0
1089,2025-01-04 16:00:00,Monitor,4.0,450,Mecca,1800.0
1090,2025-01-04 17:00:00,Smart Watch,1.0,1200,Jeddah,1200.0
1091,2025-01-04 18:00:00,Smart Watch,1.0,80,Dammam,80.0
1092,2025-01-04 19:00:00,Laptop,1.0,300,Jeddah,300.0
1093,2025-01-04 20:00:00,Smart Watch,5.0,150,Riyadh,750.0
1094,2025-01-04 21:00:00,Smart Watch,2.0,150,Dammam,300.0
1095,2025-01-04 22:00:00,Laptop,4.0,300,Mecca,1200.0
1096,2025-01-04 23:00:00,Smart Watch,5.0,150,Riyadh,750.0
1097,2025-01-05 00:00:00,Keyboard,5.0,450,Riyadh,2250.0
1098,2025-01-05 01:00:00,Headphones,5.0,1200,Mecca,6000.0
1099,2025-01-05 02:00:00,Headphones,5.0,450,Mecca,2250.0
1100,2025-01-05 03:00:00,Laptop,5.0,150,Jeddah,750.0
1101,2025-01-05 04:00:00,Monitor,3.0,80,Dammam,240.0
1102,2025-01-05 05:00:00,Laptop,4.0,1200,Mecca,4800.0
1103,2025-01-05 06:00:00,Monitor,5.0,1200,Mecca,6000.0
1104,2025-01-05 07:00:00,Headphones,4.0,300,Dammam,1200.0
1105,2025-01-05 08:00:00,Laptop,3.0,300,Mecca,900.0
1106,2025-01-05 09:00:00,Keyboard,3.0,80,Mecca,240.0
1107,2025-01-05 10:00:00,Smart Watch,4.0,1200,Jeddah,4800.0
1108,2025-01-05 11:00:00,Monitor,1.0,80,Riyadh,80.0
1109,2025-01-05 12:00:00,Smart Watch,2.0,300,Riyadh,600.0
1110,2025-01-05 13:00:00,Smart Watch,1.0,300,Riyadh,300.0
1111,2025-01-05 14:00:00,Laptop,1.0,1200,Riyadh,1200.0
1112,2025-01-05 15:00:00,Smart Watch,1.0,450,Mecca,450.0
1113,2025-01-05 16:00:00,Keyboard,5.0,150,Dammam,750.0
1114,2025-01-05 17:00:00,Smart Watch,3.0,300,Dammam,900.0
1115,2025-01-05 18:00:00,Laptop,1.0,300,Jeddah,300.0
1116,2025-01-05 19:00:00,Keyboard,3.0,450,Jeddah,1350.0
1117,2025-01-05 20:00:00,Headphones,4.0,450,Mecca,1800.0
1118,2025-01-05 21:00:00,Smart Watch,2.0,80,Dammam,160.0
1119,2025-01-05 22:00:00,Laptop,4.0,80,Dammam,320.0
1120,2025-01-05 23:00:00,Headphones,4.0,150,Riyadh,600.0
1121,2025-01-06 00:00:00,Headphones,5.0,150,Mecca,750.0
1122,2025-01-06 01:00:00,Monitor,3.0,1200,Mecca,3600.0
1123,2025-01-06 02:00:00,Keyboard,4.0,80,Riyadh,320.0
1124,2025-01-06 03:00:00,Smart Watch,4.0,300,Mecca,1200.0
1125,2025-01-06 04:00:00,Laptop,2.0,80,Mecca,160.0
1126,2025-01-06 05:00:00,Monitor,3.0,300,Jeddah,900.0
1127,2025-01-06 06:00:00,Keyboard,4.0,450,Dammam,1800.0
1128,2025-01-06 07:00:00,Monitor,2.0,80,Mecca,160.0
1129,2025-01-06 08:00:00,Keyboard,4.0,450,Jeddah,1800.0
1130,2025-01-06 09:00:00,Keyboard,4.0,150,Dammam,600.0
1131,2025-01-06 10:00:00,Smart Watch,5.0,150,Riyadh,750.0
1132,2025-01-06 11:00:00,Keyboard,1.0,1200,Jeddah,1200.0
1133,2025-01-06 12:00:00,Monitor,4.0,80,Jeddah,320.0
1134,2025-01-06 13:00:00,Keyboard,3.0,450,Dammam,1350.0
1135,2025-01-06 14:00:00,Smart Watch,1.0,300,Riyadh,300.0
1136,2025-01-06 15:00:00,Smart Watch,1.0,150,Jeddah,150.0
1137,2025-01-06 16:00:00,Monitor,1.0,150,Mecca,150.0
1138,2025-01-06 17:00:00,Headphones,5.0,300,Mecca,1500.0
1139,2025-01-06 18:00:00,Headphones,4.0,450,Mecca,1800.0
1140,2025-01-06 19:00:00,Keyboard,5.0,450,Riyadh,2250.0
1141,2025-01-06 20:00:00,Laptop,4.0,80,Jeddah,320.0
1142,2025-01-06 21:00:00,Keyboard,5.0,80,Mecca,400.0
1143,2025-01-06 22:00:00,Monitor,5.0,1200,Riyadh,6000.0
1144,2025-01-06 23:00:00,Monitor,3.0,150,Mecca,450.0
1145,2025-01-07 00:00:00,Monitor,5.0,80,Dammam,400.0
1146,2025-01-07 01:00:00,Monitor,2.0,450,Jeddah,900.0
1147,2025-01-07 02:00:00,Monitor,3.0,300,Jeddah,900.0
1148,2025-01-07 03:00:00,Smart Watch,5.0,450,Riyadh,2250.0
1149,2025-01-07 04:00:00,Headphones,1.0,150,Riyadh,150.0
1150,2025-01-07 05:00:00,Monitor,2.0,450,Jeddah,900.0
1151,2025-01-07 06:00:00,Laptop,2.0,1200,Mecca,2400.0
1152,2025-01-07 07:00:00,Laptop,2.0,150,Mecca,300.0
1153,2025-01-07 08:00:00,Laptop,3.0,300,Dammam,900.0
1154,2025-01-07 09:00:00,Laptop,5.0,1200,Mecca,6000.0
1155,2025-01-07 10:00:00,Smart Watch,5.0,150,Riyadh,750.0
1156,2025-01-07 11:00:00,Laptop,1.0,300,Riyadh,300.0
1157,2025-01-07 12:00:00,Monitor,1.0,1200,Mecca,1200.0
1158,2025-01-07 13:00:00,Keyboard,2.0,1200,Riyadh,2400.0
1159,2025-01-07 14:00:00,Laptop,1.0,150,Jeddah,150.0
1160,2025-01-07 15:00:00,Smart Watch,3.0,80,Jeddah,240.0
1161,2025-01-07 16:00:00,Smart Watch,5.0,1200,Mecca,6000.0
1162,2025-01-07 17:00:00,Laptop,2.0,1200,Jeddah,2400.0
1163,2025-01-07 18:00:00,Keyboard,1.0,300,Jeddah,300.0
1164,2025-01-07 19:00:00,Laptop,3.0,450,Dammam,1350.0
1165,2025-01-07 20:00:00,Smart Watch,3.0,150,Dammam,450.0
1166,2025-01-07 21:00:00,Headphones,1.0,150,Jeddah,150.0
1167,2025-01-07 22:00:00,Monitor,5.0,80,Mecca,400.0
1168,2025-01-07 23:00:00,Smart Watch,1.0,80,Dammam,80.0
1169,2025-01-08 00:00:00,Laptop,2.0,150,Riyadh,300.0
1170,2025-01-08 01:00:00,Monitor,1.0,80,Riyadh,80.0
1171,2025-01-08 02:00:00,Laptop,3.0,300,Riyadh,900.0
1172,2025-01-08 03:00:00,Laptop,1.0,150,Mecca,150.0
1173,2025-01-08 04:00:00,Headphones,5.0,80,Jeddah,400.0
1174,2025-01-08 05:00:00,Monitor,4.0,150,Riyadh,600.0
1175,2025-01-08 06:00:00,Monitor,1.0,450,Mecca,450.0
1176,2025-01-08 07:00:00,Headphones,5.0,1200,Dammam,6000.0
1177,2025-01-08 08:00:00,Smart Watch,5.0,150,Jeddah,750.0
1178,2025-01-08 09:00:00,Laptop,3.0,1200,Dammam,3600.0
1179,2025-01-08 10:00:00,Keyboard,5.0,80,Mecca,400.0
1180,2025-01-08 11:00:00,Laptop,5.0,1200,Riyadh,6000.0
1181,2025-01-08 12:00:00,Laptop,5.0,150,Riyadh,750.0
1182,2025-01-08 13:00:00,Smart Watch,5.0,450,Mecca,2250.0
1183,2025-01-08 14:00:00,Laptop,2.0,80,Riyadh,160.0
1184,2025-01-08 15:00:00,Headphones,2.0,150,Jeddah,300.0
1185,2025-01-08 16:00:00,Headphones,3.0,80,Mecca,240.0
1186,2025-01-08 17:00:00,Monitor,1.0,300,Dammam,300.0
1187,2025-01-08 18:00:00,Keyboard,5.0,1200,Mecca,6000.0
1188,2025-01-08 19:00:00,Laptop,1.0,300,Jeddah,300.0
1189,2025-01-08 20:00:00,Laptop,1.0,150,Jeddah,150.0
1190,2025-01-08 21:00:00,Smart Watch,3.0,450,Mecca,1350.0
1191,2025-01-08 22:00:00,Headphones,5.0,80,Mecca,400.0
1192,2025-01-08 23:00:00,Keyboard,5.0,1200,Riyadh,6000.0
1193,2025-01-09 00:00:00,Monitor,4.0,80,Jeddah,320.0
1194,2025-01-09 01:00:00,Headphones,3.0,150,Mecca,450.0
1195,2025-01-09 02:00:00,Monitor,1.0,80,Mecca,80.0
1196,2025-01-09 03:00:00,Smart Watch,2.0,1200,Jeddah,2400.0
1197,2025-01-09 04:00:00,Smart Watch,4.0,150,Mecca,600.0
1198,2025-01-09 05:00:00,Laptop,2.0,80,Riyadh,160.0
1199,2025-01-09 06:00:00,Keyboard,2.0,450,Jeddah,900.0
1200,2025-01-09 07:00:00,Monitor,2.0,150,Riyadh,300.0
1201,2025-01-09 08:00:00,Headphones,3.0,150,Riyadh,450.0
1202,2025-01-09 09:00:00,Smart Watch,3.0,450,Riyadh,1350.0
1203,2025-01-09 10:00:00,Laptop,2.0,300,Riyadh,600.0
1204,2025-01-09 11:00:00,Laptop,4.0,1200,Jeddah,4800.0
1205,2025-01-09 12:00:00,Monitor,1.0,300,Riyadh,300.0
1206,2025-01-09 13:00:00,Smart Watch,4.0,80,Riyadh,320.0
1207,2025-01-09 14:00:00,Keyboard,5.0,450,Mecca,2250.0
1208,2025-01-09 15:00:00,Smart Watch,3.0,300,Jeddah,900.0
1209,2025-01-09 16:00:00,Monitor,1.0,150,Jeddah,150.0
1210,2025-01-09 17:00:00,Monitor,1.0,80,Dammam,80.0
1211,2025-01-09 18:00:00,Smart Watch,5.0,80,Jeddah,400.0
1212,2025-01-09 19:00:00,Monitor,5.0,300,Jeddah,1500.0
1213,2025-01-09 20:00:00,Smart Watch,2.0,300,Dammam,600.0
1214,2025-01-09 21:00:00,Headphones,3.0,450,Jeddah,1350.0
1215,2025-01-09 22:00:00,Smart Watch,3.0,1200,Jeddah,3600.0
1216,2025-01-09 23:00:00,Smart Watch,4.0,300,Jeddah,1200.0
1217,2025-01-10 00:00:00,Monitor,2.0,300,Jeddah,600.0
1218,2025-01-10 01:00:00,Monitor,2.0,150,Dammam,300.0
1219,2025-01-10 02:00:00,Laptop,2.0,80,Jeddah,160.0
1220,2025-01-10 03:00:00,Laptop,2.0,1200,Jeddah,2400.0
1221,2025-01-10 04:00:00,Headphones,3.0,150,Dammam,450.0
1222,2025-01-10 05:00:00,Laptop,3.0,450,Mecca,1350.0
1223,2025-01-10 06:00:00,Smart Watch,2.0,450,Riyadh,900.0
1224,2025-01-10 07:00:00,Monitor,4.0,300,Mecca,1200.0
1225,2025-01-10 08:00:00,Laptop,3.0,300,Dammam,900.0
1226,2025-01-10 09:00:00,Laptop,1.0,450,Riyadh,450.0
1227,2025-01-10 10:00:00,Headphones,4.0,300,Dammam,1200.0
1228,2025-01-10 11:00:00,Headphones,2.0,1200,Dammam,2400.0
1229,2025-01-10 12:00:00,Smart Watch,3.0,300,Jeddah,900.0
1230,2025-01-10 13:00:00,Monitor,1.0,80,Riyadh,80.0
1231,2025-01-10 14:00:00,Headphones,5.0,300,Jeddah,1500.0
1232,2025-01-10 15:00:00,Laptop,5.0,150,Riyadh,750.0
1233,2025-01-10 16:00:00,Monitor,4.0,1200,Dammam,4800.0
1234,2025-01-10 17:00:00,Monitor,2.0,150,Dammam,300.0
1235,2025-01-10 18:00:00,Laptop,1.0,150,Mecca,150.0
1236,2025-01-10 19:00:00,Headphones,2.0,80,Riyadh,160.0
1237,2025-01-10 20:00:00,Laptop,1.0,1200,Jeddah,1200.0
1238,2025-01-10 21:00:00,Monitor,3.0,1200,Mecca,3600.0
1239,2025-01-10 22:00:00,Keyboard,4.0,1200,Mecca,4800.0
1240,2025-01-10 23:00:00,Keyboard,5.0,1200,Mecca,6000.0
1241,2025-01-11 00:00:00,Smart Watch,2.0,1200,Jeddah,2400.0
1242,2025-01-11 01:00:00,Laptop,5.0,80,Mecca,400.0
1243,2025-01-11 02:00:00,Laptop,2.0,300,Jeddah,600.0
1244,2025-01-11 03:00:00,Smart Watch,5.0,150,Mecca,750.0
1245,2025-01-11 04:00:00,Smart Watch,3.0,1200,Jeddah,3600.0
1246,2025-01-11 05:00:00,Smart Watch,3.0,300,Dammam,900.0
1247,2025-01-11 06:00:00,Monitor,3.0,300,Dammam,900.0
1248,2025-01-11 07:00:00,Laptop,3.0,150,Dammam,450.0
1249,2025-01-11 08:00:00,Monitor,1.0,80,Dammam,80.0
1250,2025-01-11 09:00:00,Smart Watch,3.0,450,Dammam,1350.0
1251,2025-01-11 10:00:00,Laptop,4.0,450,Mecca,1800.0
1252,2025-01-11 11:00:00,Monitor,4.0,300,Mecca,1200.0
1253,2025-01-11 12:00:00,Monitor,1.0,150,Mecca,150.0
1254,2025-01-11 13:00:00,Smart Watch,3.0,450,Jeddah,1350.0
1255,2025-01-11 14:00:00,Laptop,3.0,300,Jeddah,900.0
1256,2025-01-11 15:00:00,Smart Watch,3.0,80,Jeddah,240.0
1257,2025-01-11 16:00:00,Laptop,5.0,450,Jeddah,2250.0
1258,2025-01-11 17:00:00,Keyboard,2.0,300,Dammam,600.0
1259,2025-01-11 18:00:00,Headphones,5.0,300,Dammam,1500.0
1260,2025-01-11 19:00:00,Headphones,2.0,1200,Dammam,2400.0
1261,2025-01-11 20:00:00,Headphones,3.0,80,Riyadh,240.0
1262,2025-01-11 21:00:00,Smart Watch,3.0,1200,Mecca,3600.0
1263,2025-01-11 22:00:00,Keyboard,5.0,150,Jeddah,750.0
1264,2025-01-11 23:00:00,Laptop,5.0,1200,Jeddah,6000.0
1265,2025-01-12 00:00:00,Monitor,2.0,1200,Dammam,2400.0
1266,2025-01-12 01:00:00,Laptop,4.0,450,Jeddah,1800.0
1267,2025-01-12 02:00:00,Monitor,2.0,300,Jeddah,600.0
1268,2025-01-12 03:00:00,Laptop,5.0,80,Mecca,400.0
1269,2025-01-12 04:00:00,Keyboard,5.0,1200,Dammam,6000.0
1270,2025-01-12 05:00:00,Monitor,1.0,80,Mecca,80.0
1271,2025-01-12 06:00:00,Smart Watch,5.0,1200,Riyadh,6000.0
1272,2025-01-12 07:00:00,Laptop,1.0,150,Riyadh,150.0
1273,2025-01-12 08:00:00,Laptop,4.0,1200,Riyadh,4800.0
1274,2025-01-12 09:00:00,Monitor,2.0,450,Dammam,900.0
1275,2025-01-12 10:00:00,Smart Watch,2.0,300,Jeddah,600.0
1276,2025-01-12 11:00:00,Smart Watch,3.0,150,Dammam,450.0
1277,2025-01-12 12:00:00,Keyboard,2.0,1200,Dammam,2400.0
1278,2025-01-12 13:00:00,Smart Watch,5.0,80,Jeddah,400.0
1279,2025-01-12 14:00:00,Smart Watch,3.0,150,Mecca,450.0
1280,2025-01-12 15:00:00,Smart Watch,1.0,150,Riyadh,150.0
1281,2025-01-12 16:00:00,Headphones,2.0,1200,Mecca,2400.0
1282,2025-01-12 17:00:00,Keyboard,1.0,150,Riyadh,150.0
1283,2025-01-12 18:00:00,Laptop,1.0,80,Dammam,80.0
1284,2025-01-12 19:00:00,Monitor,3.0,150,Riyadh,450.0
1285,2025-01-12 20:00:00,Laptop,5.0,80,Dammam,400.0
1286,2025-01-12 21:00:00,Keyboard,1.0,1200,Mecca,1200.0
1287,2025-01-12 22:00:00,Monitor,2.0,300,Dammam,600.0
1288,2025-01-12 23:00:00,Keyboard,4.0,150,Mecca,600.0
1289,2025-01-13 00:00:00,Smart Watch,1.0,300,Jeddah,300.0
1290,2025-01-13 01:00:00,Monitor,1.0,80,Jeddah,80.0
1291,2025-01-13 02:00:00,Smart Watch,3.0,150,Jeddah,450.0
1292,2025-01-13 03:00:00,Laptop,5.0,450,Dammam,2250.0
1293,2025-01-13 04:00:00,Laptop,4.0,300,Jeddah,1200.0
1294,2025-01-13 05:00:00,Monitor,2.0,150,Riyadh,300.0
1295,2025-01-13 06:00:00,Monitor,4.0,300,Mecca,1200.0
1296,2025-01-13 07:00:00,Keyboard,2.0,150,Mecca,300.0
1297,2025-01-13 08:00:00,Keyboard,5.0,1200,Riyadh,6000.0
1298,2025-01-13 09:00:00,Smart Watch,2.0,300,Dammam,600.0
1299,2025-01-13 10:00:00,Monitor,3.0,450,Dammam,1350.0
1300,2025-01-13 11:00:00,Laptop,3.0,450,Mecca,1350.0
1301,2025-01-13 12:00:00,Keyboard,3.0,80,Jeddah,240.0
1302,2025-01-13 13:00:00,Keyboard,3.0,150,Dammam,450.0
1303,2025-01-13 14:00:00,Laptop,4.0,300,Dammam,1200.0
1304,2025-01-13 15:00:00,Keyboard,5.0,80,Riyadh,400.0
1305,2025-01-13 16:00:00,Smart Watch,2.0,300,Riyadh,600.0
1306,2025-01-13 17:00:00,Monitor,2.0,150,Jeddah,300.0
1307,2025-01-13 18:00:00,Laptop,3.0,450,Dammam,1350.0
1308,2025-01-13 19:00:00,Monitor,3.0,1200,Dammam,3600.0
1309,2025-01-13 20:00:00,Keyboard,1.0,450,Riyadh,450.0
1310,2025-01-13 21:00:00,Keyboard,5.0,80,Dammam,400.0
1311,2025-01-13 22:00:00,Laptop,4.0,1200,Mecca,4800.0
1312,2025-01-13 23:00:00,Smart Watch,2.0,80,Riyadh,160.0
1313,2025-01-14 00:00:00,Headphones,1.0,150,Jeddah,150.0
1314,2025-01-14 01:00:00,Laptop,1.0,1200,Riyadh,1200.0
1315,2025-01-14 02:00:00,Headphones,2.0,80,Dammam,160.0
1316,2025-01-14 03:00:00,Headphones,4.0,150,Jeddah,600.0
1317,2025-01-14 04:00:00,Smart Watch,1.0,450,Riyadh,450.0
1318,2025-01-14 05:00:00,Headphones,3.0,150,Mecca,450.0
1319,2025-01-14 06:00:00,Headphones,5.0,300,Mecca,1500.0
1320,2025-01-14 07:00:00,Smart Watch,4.0,150,Riyadh,600.0
1321,2025-01-14 08:00:00,Headphones,1.0,150,Mecca,150.0
1322,2025-01-14 09:00:00,Headphones,4.0,300,Mecca,1200.0
1323,2025-01-14 10:00:00,Headphones,2.0,80,Mecca,160.0
1324,2025-01-14 11:00:00,Laptop,3.0,80,Jeddah,240.0
1325,2025-01-14 12:00:00,Laptop,1.0,150,Mecca,150.0
1326,2025-01-14 13:00:00,Laptop,5.0,300,Mecca,1500.0
1327,2025-01-14 14:00:00,Smart Watch,2.0,300,Mecca,600.0
1328,2025-01-14 15:00:00,Keyboard,4.0,450,Jeddah,1800.0
1329,2025-01-14 16:00:00,Headphones,2.0,80,Riyadh,160.0
1330,2025-01-14 17:00:00,Headphones,1.0,1200,Dammam,1200.0
1331,2025-01-14 18:00:00,Smart Watch,4.0,80,Mecca,320.0
1332,2025-01-14 19:00:00,Headphones,3.0,80,Riyadh,240.0
1333,2025-01-14 20:00:00,Laptop,2.0,450,Mecca,900.0
1334,2025-01-14 21:00:00,Keyboard,1.0,1200,Jeddah,1200.0
1335,2025-01-14 22:00:00,Monitor,5.0,450,Riyadh,2250.0
1336,2025-01-14 23:00:00,Headphones,4.0,1200,Jeddah,4800.0
1337,2025-01-15 00:00:00,Laptop,2.0,150,Mecca,300.0
1338,2025-01-15 01:00:00,Monitor,2.0,1200,Mecca,2400.0
1339,2025-01-15 02:00:00,Keyboard,3.0,450,Jeddah,1350.0
1340,2025-01-15 03:00:00,Monitor,3.0,80,Dammam,240.0
1341,2025-01-15 04:00:00,Laptop,5.0,1200,Jeddah,6000.0
1342,2025-01-15 05:00:00,Monitor,5.0,1200,Mecca,6000.0
1343,2025-01-15 06:00:00,Smart Watch,1.0,300,Jeddah,300.0
1344,2025-01-15 07:00:00,Monitor,1.0,80,Dammam,80.0
1345,2025-01-15 08:00:00,Headphones,5.0,150,Jeddah,750.0
1346,2025-01-15 09:00:00,Headphones,5.0,450,Dammam,2250.0
1347,2025-01-15 10:00:00,Smart Watch,4.0,150,Dammam,600.0
1348,2025-01-15 11:00:00,Laptop,3.0,80,Jeddah,240.0
1349,2025-01-15 12:00:00,Headphones,3.0,1200,Jeddah,3600.0
1350,2025-01-15 13:00:00,Keyboard,3.0,1200,Riyadh,3600.0
1351,2025-01-15 14:00:00,Headphones,3.0,80,Mecca,240.0
1352,2025-01-15 15:00:00,Headphones,5.0,1200,Dammam,6000.0
1353,2025-01-15 16:00:00,Laptop,4.0,1200,Riyadh,4800.0
1354,2025-01-15 17:00:00,Monitor,2.0,1200,Jeddah,2400.0
1355,2025-01-15 18:00:00,Headphones,4.0,450,Mecca,1800.0
1356,2025-01-15 19:00:00,Smart Watch,4.0,450,Riyadh,1800.0
1357,2025-01-15 20:00:00,Monitor,3.0,300,Dammam,900.0
1358,2025-01-15 21:00:00,Keyboard,4.0,150,Riyadh,600.0
1359,2025-01-15 22:00:00,Laptop,1.0,80,Dammam,80.0
1360,2025-01-15 23:00:00,Keyboard,3.0,80,Jeddah,240.0
1361,2025-01-16 00:00:00,Monitor,1.0,80,Mecca,80.0
1362,2025-01-16 01:00:00,Monitor,2.0,300,Mecca,600.0
1363,2025-01-16 02:00:00,Monitor,3.0,450,Mecca,1350.0
1364,2025-01-16 03:00:00,Keyboard,2.0,300,Jeddah,600.0
1365,2025-01-16 04:00:00,Monitor,3.0,80,Dammam,240.0
1366,2025-01-16 05:00:00,Keyboard,5.0,150,Jeddah,750.0
1367,2025-01-16 06:00:00,Monitor,4.0,1200,Mecca,4800.0
1368,2025-01-16 07:00:00,Smart Watch,5.0,450,Jeddah,2250.0
1369,2025-01-16 08:00:00,Monitor,2.0,450,Jeddah,900.0
1370,2025-01-16 09:00:00,Keyboard,4.0,300,Jeddah,1200.0
1371,2025-01-16 10:00:00,Headphones,3.0,450,Dammam,1350.0
1372,2025-01-16 11:00:00,Monitor,4.0,80,Riyadh,320.0
1373,2025-01-16 12:00:00,Headphones,1.0,80,Riyadh,80.0
1374,2025-01-16 13:00:00,Smart Watch,4.0,300,Jeddah,1200.0
1375,2025-01-16 14:00:00,Laptop,1.0,80,Riyadh,80.0
1376,2025-01-16 15:00:00,Smart Watch,4.0,150,Riyadh,600.0
1377,2025-01-16 16:00:00,Monitor,1.0,300,Jeddah,300.0
1378,2025-01-16 17:00:00,Headphones,2.0,150,Jeddah,300.0
1379,2025-01-16 18:00:00,Headphones,5.0,1200,Mecca,6000.0
1380,2025-01-16 19:00:00,Keyboard,3.0,150,Riyadh,450.0
1381,2025-01-16 20:00:00,Headphones,4.0,1200,Dammam,4800.0
1382,2025-01-16 21:00:00,Keyboard,5.0,1200,Jeddah,6000.0
1383,2025-01-16 22:00:00,Laptop,3.0,150,Mecca,450.0
1384,2025-01-16 23:00:00,Monitor,3.0,300,Dammam,900.0
1385,2025-01-17 00:00:00,Keyboard,1.0,80,Riyadh,80.0
1386,2025-01-17 01:00:00,Laptop,2.0,80,Mecca,160.0
1387,2025-01-17 02:00:00,Headphones,2.0,1200,Jeddah,2400.0
1388,2025-01-17 03:00:00,Headphones,5.0,1200,Dammam,6000.0
1389,2025-01-17 04:00:00,Laptop,2.0,300,Jeddah,600.0
1390,2025-01-17 05:00:00,Headphones,4.0,450,Riyadh,1800.0
1391,2025-01-17 06:00:00,Laptop,3.0,150,Dammam,450.0
1392,2025-01-17 07:00:00,Keyboard,5.0,1200,Riyadh,6000.0
1393,2025-01-17 08:00:00,Keyboard,2.0,80,Riyadh,160.0
1394,2025-01-17 09:00:00,Laptop,4.0,300,Mecca,1200.0
1395,2025-01-17 10:00:00,Keyboard,1.0,150,Jeddah,150.0
1396,2025-01-17 11:00:00,Keyboard,5.0,300,Dammam,1500.0
1397,2025-01-17 12:00:00,Keyboard,1.0,150,Riyadh,150.0
1398,2025-01-17 13:00:00,Smart Watch,1.0,150,Riyadh,150.0
1399,2025-01-17 14:00:00,Monitor,1.0,1200,Dammam,1200.0
1400,2025-01-17 15:00:00,Headphones,3.0,300,Riyadh,900.0
1401,2025-01-17 16:00:00,Smart Watch,3.0,300,Mecca,900.0
1402,2025-01-17 17:00:00,Keyboard,1.0,80,Mecca,80.0
1403,2025-01-17 18:00:00,Laptop,5.0,80,Mecca,400.0
1404,2025-01-17 19:00:00,Keyboard,4.0,1200,Mecca,4800.0
1405,2025-01-17 20:00:00,Monitor,4.0,1200,Riyadh,4800.0
1406,2025-01-17 21:00:00,Keyboard,2.0,450,Dammam,900.0
1407,2025-01-17 22:00:00,Laptop,5.0,80,Dammam,400.0
1408,2025-01-17 23:00:00,Monitor,3.0,150,Dammam,450.0
1409,2025-01-18 00:00:00,Keyboard,1.0,300,Dammam,300.0
1410,2025-01-18 01:00:00,Monitor,2.0,1200,Jeddah,2400.0
1411,2025-01-18 02:00:00,Headphones,4.0,300,Dammam,1200.0
1412,2025-01-18 03:00:00,Headphones,3.0,300,Jeddah,900.0
1413,2025-01-18 04:00:00,Keyboard,3.0,450,Jeddah,1350.0
1414,2025-01-18 05:00:00,Monitor,1.0,80,Mecca,80.0
1415,2025-01-18 06:00:00,Laptop,4.0,1200,Jeddah,4800.0
1416,2025-01-18 07:00:00,Keyboard,5.0,300,Riyadh,1500.0
1417,2025-01-18 08:00:00,Headphones,3.0,1200,Jeddah,3600.0
1418,2025-01-18 09:00:00,Headphones,1.0,150,Mecca,150.0
1419,2025-01-18 10:00:00,Keyboard,5.0,450,Jeddah,2250.0
1420,2025-01-18 11:00:00,Monitor,4.0,150,Riyadh,600.0
1421,2025-01-18 12:00:00,Headphones,3.0,1200,Riyadh,3600.0
1422,2025-01-18 13:00:00,Monitor,5.0,1200,Riyadh,6000.0
1423,2025-01-18 14:00:00,Headphones,3.0,80,Mecca,240.0
1424,2025-01-18 15:00:00,Headphones,3.0,300,Mecca,900.0
1425,2025-01-18 16:00:00,Smart Watch,3.0,300,Dammam,900.0
1426,2025-01-18 17:00:00,Headphones,3.0,150,Mecca,450.0
1427,2025-01-18 18:00:00,Laptop,2.0,450,Riyadh,900.0
1428,2025-01-18 19:00:00,Keyboard,4.0,300,Riyadh,1200.0
1429,2025-01-18 20:00:00,Keyboard,1.0,80,Mecca,80.0
1430,2025-01-18 21:00:00,Monitor,5.0,150,Jeddah,750.0
1431,2025-01-18 22:00:00,Headphones,2.0,150,Mecca,300.0
1432,2025-01-18 23:00:00,Laptop,1.0,80,Mecca,80.0
1433,2025-01-19 00:00:00,Monitor,2.0,450,Riyadh,900.0
1434,2025-01-19 01:00:00,Smart Watch,3.0,80,Dammam,240.0
1435,2025-01-19 02:00:00,Monitor,5.0,450,Riyadh,2250.0
1436,2025-01-19 03:00:00,Monitor,1.0,80,Dammam,80.0
1437,2025-01-19 04:00:00,Headphones,1.0,80,Riyadh,80.0
1438,2025-01-19 05:00:00,Smart Watch,1.0,1200,Mecca,1200.0
1439,2025-01-19 06:00:00,Monitor,1.0,150,Riyadh,150.0
1440,2025-01-19 07:00:00,Laptop,1.0,80,Riyadh,80.0
1441,2025-01-19 08:00:00,Laptop,2.0,80,Riyadh,160.0
1442,2025-01-19 09:00:00,Keyboard,5.0,300,Mecca,1500.0
1443,2025-01-19 10:00:00,Smart Watch,3.0,150,Mecca,450.0
1444,2025-01-19 11:00:00,Smart Watch,3.0,300,Mecca,900.0
1445,2025-01-19 12:00:00,Keyboard,3.0,150,Mecca,450.0
1446,2025-01-19 13:00:00,Monitor,3.0,300,Dammam,900.0
1447,2025-01-19 14:00:00,Smart Watch,2.0,80,Dammam,160.0
1448,2025-01-19 15:00:00,Laptop,4.0,80,Jeddah,320.0
1449,2025-01-19 16:00:00,Laptop,5.0,1200,Mecca,6000.0
1450,2025-01-19 17:00:00,Headphones,1.0,300,Dammam,300.0
1451,2025-01-19 18:00:00,Smart Watch,4.0,450,Riyadh,1800.0
1452,2025-01-19 19:00:00,Monitor,3.0,1200,Mecca,3600.0
1453,2025-01-19 20:00:00,Keyboard,4.0,300,Jeddah,1200.0
1454,2025-01-19 21:00:00,Keyboard,5.0,300,Jeddah,1500.0
1455,2025-01-19 22:00:00,Monitor,1.0,1200,Jeddah,1200.0
1456,2025-01-19 23:00:00,Headphones,1.0,80,Riyadh,80.0
1457,2025-01-20 00:00:00,Keyboard,5.0,300,Dammam,1500.0
1458,2025-01-20 01:00:00,Smart Watch,5.0,80,Riyadh,400.0
1459,2025-01-20 02:00:00,Headphones,3.0,1200,Mecca,3600.0
1460,2025-01-20 03:00:00,Smart Watch,1.0,80,Jeddah,80.0
1461,2025-01-20 04:00:00,Laptop,4.0,150,Riyadh,600.0
1462,2025-01-20 05:00:00,Headphones,2.0,450,Riyadh,900.0
1463,2025-01-20 06:00:00,Keyboard,2.0,300,Dammam,600.0
1464,2025-01-20 07:00:00,Headphones,5.0,450,Dammam,2250.0
1465,2025-01-20 08:00:00,Headphones,3.0,80,Jeddah,240.0
1466,2025-01-20 09:00:00,Headphones,2.0,300,Riyadh,600.0
1467,2025-01-20 10:00:00,Headphones,1.0,80,Riyadh,80.0
1468,2025-01-20 11:00:00,Smart Watch,5.0,150,Dammam,750.0
1469,2025-01-20 12:00:00,Laptop,4.0,1200,Riyadh,4800.0
1470,2025-01-20 13:00:00,Monitor,5.0,300,Riyadh,1500.0
1471,2025-01-20 14:00:00,Headphones,4.0,150,Riyadh,600.0
1472,2025-01-20 15:00:00,Keyboard,5.0,150,Dammam,750.0
1473,2025-01-20 16:00:00,Headphones,5.0,300,Jeddah,1500.0
1474,2025-01-20 17:00:00,Keyboard,5.0,80,Mecca,400.0
1475,2025-01-20 18:00:00,Smart Watch,4.0,150,Jeddah,600.0
1476,2025-01-20 19:00:00,Keyboard,4.0,450,Mecca,1800.0
1477,2025-01-20 20:00:00,Monitor,5.0,150,Riyadh,750.0
1478,2025-01-20 21:00:00,Laptop,2.0,80,Jeddah,160.0
1479,2025-01-20 22:00:00,Keyboard,3.0,80,Mecca,240.0
1480,2025-01-20 23:00:00,Keyboard,3.0,450,Dammam,1350.0
1481,2025-01-21 00:00:00,Laptop,3.0,150,Dammam,450.0
1482,2025-01-21 01:00:00,Monitor,4.0,80,Jeddah,320.0
1483,2025-01-21 02:00:00,Headphones,4.0,300,Jeddah,1200.0
1484,2025-01-21 03:00:00,Keyboard,2.0,1200,Riyadh,2400.0
1485,2025-01-21 04:00:00,Laptop,3.0,1200,Jeddah,3600.0
1486,2025-01-21 05:00:00,Smart Watch,3.0,1200,Riyadh,3600.0
1487,2025-01-21 06:00:00,Laptop,5.0,150,Riyadh,750.0
1488,2025-01-21 07:00:00,Smart Watch,4.0,450,Dammam,1800.0
1489,2025-01-21 08:00:00,Monitor,3.0,80,Dammam,240.0
1490,2025-01-21 09:00:00,Headphones,2.0,300,Mecca,600.0
1491,2025-01-21 10:00:00,Laptop,2.0,300,Dammam,600.0
1492,2025-01-21 11:00:00,Keyboard,3.0,150,Dammam,450.0
1493,2025-01-21 12:00:00,Monitor,4.0,1200,Jeddah,4800.0
1494,2025-01-21 13:00:00,Laptop,2.0,150,Dammam,300.0
1495,2025-01-21 14:00:00,Keyboard,5.0,450,Mecca,2250.0
1496,2025-01-21 15:00:00,Laptop,2.0,450,Jeddah,900.0
1497,2025-01-21 16:00:00,Smart Watch,1.0,80,Mecca,80.0
1498,2025-01-21 17:00:00,Laptop,1.0,80,Dammam,80.0
1499,2025-01-21 18:00:00,Laptop,4.0,450,Mecca,1800.0
1500,2025-01-21 19:00:00,Laptop,3.0,450,Jeddah,1350.0
